delivery_hub,orders
Farmgate,1838
Bashundhara,1531
Pallabi,1301
Mohammadpur,1299
Banani,1290
Malibagh,1199
Uttara,1099
Shewrapara,992
Mirpur-1,956
Motijheel,948
Bashabo,947
Chittagong-Halishahar,915
Lalbag,897
Diabari,893
Badda,879
Chittagong-Nasirabad,803
Rajshahi,693
Cumilla,682
Rayerbag,631
Sylhet,593
Khulna,591
Mymensingh,557
Chittagong-Bayezid,535
Barishal,527
Savar,527
Rangpur,518
Bogra,472
Demra,466
Narayanganj,466
Gazipur-Board Bazar,461
Jashore,425
Siddhirganj,400
Gazipur-Joydebpur,353
Chittagong-Bahaddarhat,351
Feni,326
Tangail,290
Faridpur,279
Kamrangirchar,278
Savar-Baipail,273
Keranigonj,263
Dinajpur,263
Sylhet-Jalalabad,244
Savar-Ashuliya,243
B.Baria,239
Cox's Bazar,237
Jamalpur,231
Kishoreganj,231
Mawna,229
Kushtia,220
Gazipur- Kashimpur,219
Narsingdi,216
Gopalganj,215
Jhenidah,213
Chittagong-Hathazari,210
Noakhali-Sonapur,210
Shariatpur,210
Dohar Nowabganj,209
Chandpur,199
Naogaon,198
Pabna,197
Rangamati,197
Munshiganj-Sreenagar,187
Madaripur,186
Khulna-Daulatpur,186
Satkhira,184
Sirajganj,176
Cumilla-Daudkandi,174
Gazipur-Kaliyakoir,169
Noakhali-Sonaimuri,168
Bhola,168
Gazipur-Tongi,168
Lakshmipur,165
Chittagong-Potenga,163
Narsingdi-Pachdona,161
Noakhali,160
Patuakhali,157
Manikganj,152
Magura,151
Rajbari,151
Gaibandha,149
Bagerhat,148
Tangail-Madhupur,148
Bhulta - Gawsia,147
Munsiganj,146
Cumilla-Laksam,144
Chittagong-Kathgor,142
Shariatpur-Damudya,142
Bhanga,137
Sonargaon,135
Bogra-Majhira,135
Kishoreganj-Bajitpur,133
Keraniganj-Atibazar,124
Habiganj,118
Netrokona,117
Joypurhat,117
Chuadanga,117
Tangail - Mirzapur,116
Chittagong-Raozan,114
Shahjadpur-Bera,113
Chandpur-Faridgonj,113
Bandar,113
Pabna-Ishwardi,111
Noakhali-Bashurhat,110
Sylhet-South Surma,108
Jashore-Benapol,107
Barishal-Gouranodi,104
Gazipur-Kapasia,104
Kushtia-Bheramara,103
Jhalokathi,103
Chittagong-Shitakundo,102
Saidpur,101
Khagrachori-Dighinala,101
Khulna-Rupsha,100
Cumilla-Muradnagar,99
Chittagong-Potiya,99
Kurigram,99
Dinajpur-Birampur,98
Savar-Dhamrai,97
Barguna,96
B.Baria-Nabinagar,95
Habiganj-Madhobpur,94
Chandpur-Haziganj,94
Thakurgaon,94
Khagrachari,93
Sherpur,93
Mymensingh-Bhaluka,93
Chittagong-Mirshorai,92
Comilla-Barura,92
Cox's Bazar-Ukhia,91
Manikganj-Ghior,90
Chittagong-Anwara,90
Chittagong-Keranirhat,89
Moulvibazar,89
Faridpur-Boalmari,89
Kishoreganj-Bhairab,89
Bandarban,89
Lalmonirhat,88
Tangail-Kalihati,88
Nilphamari,87
Meherpur,86
Narsingdi-Raipura,85
Cumilla-Chauddagram,85
Cumilla - B.para,84
Munshiganj-Tongibari,84
Sirajganj-Belkuchi,83
Habiganj-Shaistaganj,83
Sunamganj,82
Chapainawabganj,80
Natore,80
Savar - Amin Bazar,80
Natore-Bonpara,79
Narail,79
Chittagong-Sandwip,79
Bhola-Charfashion,78
Manikganj-Singair,76
Feni-Sonagazi,76
Lakshmipur-Ramgonj,76
Chittagong-Rangunia,76
Cumilla-Chandina,75
Rajshahi-Baneshwar,74
Bhola-Lalmohon,74
Naogaon-Nazipur,74
Panchagarh,73
Pirojpur,72
Cox's Bazar-Ramu,72
Barishal-Wazirpur,72
Patuakhali-Bauphal,72
Chandpur-Shahrasti,71
Cumilla-Debidwer,71
Satkhira-Shyamnagar,71
Chandpur Kachua,70
Jhenaidha-Kotchadpur,70
Cox's Bazar-Chokoria,69
Chandpur-Uttar Matlab,69
Ullapara-Tarash,69
Rajbari-Pangsha,69
Chittagong-Fatikchori,68
Barishal-Banaripara,66
Barishal-Bakergonj,66
Feni-Chhagalnaiya,65
Moulovibazar-Kulaura,64
Pirojpur-Bhandaria,64
Noakhali-Senbagh,63
Moulvibazar-Sreemangal,63
Chuadanga-Darshana,63
B.Baria-Kasba,63
Gaibandha-Gobindaganj,62
Mymensingh-Trishal,62
Jashore-Monirampur,62
Gazipur-Kaliganj,62
B.baria-Bancharampur,61
Madaripur-Takerhat,60
Pirojpur-Mathbaria,60
Lakshmipur-Raipur,60
Rajshahi-Mohonpur,58
Nilphamari-Domar,57
Mymensingh-Ishwarganj,57
Gopalganj-Kashiani,57
Araihazar-Narayanganj,56
Mymensingh-Gafargaon,55
Tangail Nagarpur,55
Narail-Laxmipasha,55
Kurigram-Nageshwari,55
Cumilla-Homna,55
Kishoreganj-Pakundia,54
Patuakhali-Galachipa,54
Patuakhali-Kalapara,54
Cumilla Nangolkot,54
Kushtia-Kumarkhali,53
Jashore-Noapara,53
Jamalpur-Dewanganj-Bakshiganj,53
B.Baria-Ashuganj,53
Bhola-Borhanuddin,53
Faridpur-Nagarkanda,52
Char-Alexzander,50
Gopalganj-Muksudpur,50
Pabna-Bhangura,49
Coxsbazar-Moheshkhali,49
Bagerhat-Morrelganj,49
Barguna-Amtali,49
Narsingdi- Monohardi,48
Netrokona-Mohanganj,48
Gazaria,48
Mymensingh-Dhobaura,47
Habiganj-Nabigonj,47
Barishal-Muladi,46
Narsingdi-Shibpur,45
Bagerhat-Fakirhat,45
Netrokona-Kendua,44
Tangail-Shakhipur,44
B.Baria-Akhaura,44
Sylhet-Osmaninagar,43
Sylhet-Golapganj,43
Sylhet-Beanibazar,43
Phulpur,43
Sunamganj-Chhatak,43
Rangpur-Pirgonj,42
Chandpur-Matlab,41
Noakhali-Hatiya,41
Kishoreganj-Mithamoin,41
Khulna-Dumuria,40
Sherpur-Nalitabari,40
Khagrachori-Guimara,40
Thakurgaon-Ranisankail,40
Bagerhat-Mongla,39
Dinajpur-Birganj,39
Sylhet-Jagannathpur,38
Netrokona-Durgapur,37
Bogra-Sariyakandi,36
Pabna-Sujanagar,36
Chittagong-Bashkhali,35
Mokamtola,35
Moulvibazar-Kamalganj,35
Cumilla-Meghna,35
Pirojpur-Nazirpur,35
Rupganj - Neela Market,34
Chapai-Rohonpur,34
B.baria-Nasirnagar,33
Noakhali-Subarnachar,32
Coxsbazar-Teknaf,32
Rangpur-Badarganj,32
Lalmonirhat-Patgram,31
Chapai- Kansat,31
Jamalpur-Madarganj,30
Moulvibazar-Barlekha,29
Sunamganj-Bishwabvarpur,28
Dinajpur-Parbatipur,28
Barguna-Patharghata,25
Faridpur-Madhukhali,24
Sylhet-Jaintapur,24
Natore-Singra,23
Sylhet-Kanaighat,23
Khulna-Paikgacha,23
Jhalokathi-Rajapur,23
Habiganj-Azmiriganj,22
Barishal-Saheber Hat,22
Moulvibazar-Rajnagar,22
Naogaon-Manda,21
Mymensingh Muktagacha,21
Kurigram-Rowmari,20
Cox's Bazar-Kutubdia,19
Khagrachori-Matiranga,19
Barishal-Hizla,19
Patuakhali-Kuakata,16
B.Baria-Bijaynagar,15
Sylhet-Zakiganj,14
Sunamganj-Jamalganj,13
Sunamganj-Derai,13
Chittagong-Baraiyarhat,12
Mymensingh Shambhuganj,11
Sylhet-Companiganj,9
Jamalpur Melandaha,9
Panchagarh-Tetulia,7
Bandarban-Lama,6
Cox's Bazar-Eidgaon,3
Mymensingh Fulbaria,3
Naogaon-Sapahar,2
Bogra-Dupchanchia,2
Sylhet-Bishwanath,1
Khagrachori-Manikchori,1
Sylhet-Gowainghat,1
